{"cameraMode":{"drawMode":0,"name":"Shaded","section":"Shading Mode"},"sceneLighting":true,"audioPlay":false,"sceneViewState":{"showFog":true,"showMaterialUpdate":false,"showSkybox":true,"showFlares":true,"showImageEffects":true,"showParticleSystems":true},"in2DMode":false,"pivot":{"x":252.71109008789063,"y":248.39218139648438,"z":-4.8154296875},"rotation":{"x":-0.06608609855175019,"y":-0.072678342461586,"z":0.0048264265060424809,"w":-0.9951518774032593},"size":666.4813842773438,"orthographic":false}