{"cameraMode":{"drawMode":0,"name":"Shaded","section":"Shading Mode"},"sceneLighting":true,"audioPlay":false,"sceneViewState":{"showFog":true,"showMaterialUpdate":false,"showSkybox":true,"showFlares":true,"showImageEffects":true,"showParticleSystems":true},"in2DMode":false,"pivot":{"x":-314.19720458984377,"y":-239.1271514892578,"z":-61.32356262207031},"rotation":{"x":0.20120415091514588,"y":-0.7294261455535889,"z":0.2415745109319687,"w":0.6075329184532166},"size":412.8450622558594,"orthographic":false}