{"cameraMode":{"drawMode":0,"name":"Shaded","section":"Shading Mode"},"sceneLighting":false,"audioPlay":false,"sceneViewState":{"showFog":true,"showMaterialUpdate":false,"showSkybox":false,"showFlares":true,"showImageEffects":true,"showParticleSystems":true},"in2DMode":false,"pivot":{"x":-4.761904716491699,"y":0.0,"z":-4.761904716491699},"rotation":{"x":0.5733717083930969,"y":-0.019403930753469468,"z":0.013585710898041726,"w":0.8189528584480286},"size":1.5788301229476929,"orthographic":false}